fldName,cmpLongName,fldCurrentActivitySatus,wlbName,wlbCompletionDate,fldMainArea,fldOwnerKind,fldOwnerName,fldMainSupplyBase,fldHcType,fldNpdidOwner,fldNpdidField,wlbNpdidWellbore,cmpNpdidCompany,fldFactPageUrl,fldFactMapUrl,fldDateUpdated,fldDateUpdatedMax,DatesyncNPD
ALBUSKJELL,ConocoPhillips Skandinavia AS,Shut down,1/6-1,26.11.1972,North sea,PRODUCTION LICENSE,018,,GAS/CONDENSATE,20900,43437,239,2410696,https://factpages.sodir.no/field/pageview/all/43437,https://factmaps.sodir.no/map/redirect/fld.ashx?id=43437,31.01.2025,31.01.2025,09.09.2025
ALVE,Equinor Energy AS,Producing,6507/3-1,26.10.1990,Norwegian sea,PRODUCTION LICENSE,159 B,Sandnessjøen,GAS/CONDENSATE,2819945,4444332,1533,32011216,https://factpages.sodir.no/field/pageview/all/4444332,https://factmaps.sodir.no/map/redirect/fld.ashx?id=4444332,31.01.2025,31.01.2025,09.09.2025
ALVE NORD,Aker BP ASA,Approved for production,6607/12-2 S,25.10.2011,Norwegian sea,PRODUCTION LICENSE,127 C,,OIL/GAS,29427330,42002483,6642,28544099,https://factpages.sodir.no/field/pageview/all/42002483,https://factmaps.sodir.no/map/redirect/fld.ashx?id=42002483,31.01.2025,31.01.2025,09.09.2025
ALVHEIM,Aker BP ASA,Producing,24/6-2,08.07.1998,North sea,PRODUCTION LICENSE,203,,OIL/GAS,22436,2845712,3397,28544099,https://factpages.sodir.no/field/pageview/all/2845712,https://factmaps.sodir.no/map/redirect/fld.ashx?id=2845712,31.01.2025,31.01.2025,09.09.2025
ATLA,,Shut down,25/5-7,23.10.2010,North sea,,,,GAS/CONDENSATE,,21106284,6423,,https://factpages.sodir.no/field/pageview/all/21106284,https://factmaps.sodir.no/map/redirect/fld.ashx?id=21106284,31.01.2025,31.01.2025,09.09.2025
BALDER,Vår Energi ASA,Producing,25/11-1,09.07.1967,North sea,PRODUCTION LICENSE,001,Dusavik,OIL,20756,43562,143,50000032,https://factpages.sodir.no/field/pageview/all/43562,https://factmaps.sodir.no/map/redirect/fld.ashx?id=43562,31.01.2025,31.01.2025,09.09.2025
BAUGE,Equinor Energy AS,Producing,6407/8-6,20.10.2013,Norwegian sea,PRODUCTION LICENSE,348,Kristiansund,OIL,2987047,29446221,7265,32011216,https://factpages.sodir.no/field/pageview/all/29446221,https://factmaps.sodir.no/map/redirect/fld.ashx?id=29446221,31.01.2025,31.01.2025,09.09.2025
BERLING,OMV (Norge) AS,Approved for production,6506/11-10,17.04.2018,Norwegian sea,PRODUCTION LICENSE,644 B,Kristiansund,GAS/CONDENSATE,27434494,42002473,8317,4460594,https://factpages.sodir.no/field/pageview/all/42002473,https://factmaps.sodir.no/map/redirect/fld.ashx?id=42002473,05.02.2025,31.01.2025,09.09.2025
BESTLA,OKEA ASA,Approved for production,31/7-1,22.06.2016,North sea,PRODUCTION LICENSE,740,Mongstad,OIL/GAS,24214205,42002507,7954,34925006,https://factpages.sodir.no/field/pageview/all/42002507,https://factmaps.sodir.no/map/redirect/fld.ashx?id=42002507,31.01.2025,25.03.2025,09.09.2025
BLANE,Repsol Norge AS,Producing,1/2-1,04.06.1989,North sea,BUSINESS ARRANGEMENT AREA,BLANE UNIT,,OIL,3437667,3437650,1382,27052812,https://factpages.sodir.no/field/pageview/all/3437650,https://factmaps.sodir.no/map/redirect/fld.ashx?id=3437650,31.01.2025,06.09.2025,09.09.2025
BRAGE,OKEA ASA,Producing,31/4-3,11.05.1980,North sea,BUSINESS ARRANGEMENT AREA,BRAGE UNIT,Mongstad,OIL,40432,43651,402,34925006,https://factpages.sodir.no/field/pageview/all/43651,https://factmaps.sodir.no/map/redirect/fld.ashx?id=43651,31.01.2025,06.08.2025,09.09.2025
BREIDABLIKK,Equinor Energy AS,Producing,25/8-4,11.08.1992,North sea,BUSINESS ARRANGEMENT AREA,BREIDABLIKK UNIT,Dusavik,OIL,39099356,38702206,1986,32011216,https://factpages.sodir.no/field/pageview/all/38702206,https://factmaps.sodir.no/map/redirect/fld.ashx?id=38702206,31.01.2025,31.01.2025,09.09.2025
BRYNHILD,,Shut down,7/7-2,25.04.1992,North sea,,,,OIL,,21123063,1868,,https://factpages.sodir.no/field/pageview/all/21123063,https://factmaps.sodir.no/map/redirect/fld.ashx?id=21123063,31.01.2025,31.01.2025,09.09.2025
BYRDING,Equinor Energy AS,Producing,35/11-13,28.05.2005,North sea,PRODUCTION LICENSE,090 B,Mongstad,OIL/GAS,3426781,28975067,5063,32011216,https://factpages.sodir.no/field/pageview/all/28975067,https://factmaps.sodir.no/map/redirect/fld.ashx?id=28975067,31.01.2025,31.01.2025,09.09.2025
BØYLA,Aker BP ASA,Producing,24/9-9 S,07.10.2009,North sea,PRODUCTION LICENSE,340,,OIL,2986630,22492497,6222,28544099,https://factpages.sodir.no/field/pageview/all/22492497,https://factmaps.sodir.no/map/redirect/fld.ashx?id=22492497,31.01.2025,31.01.2025,09.09.2025
COD,,Shut down,7/11-1,15.06.1968,North sea,,,,GAS/CONDENSATE,,43785,149,,https://factpages.sodir.no/field/pageview/all/43785,https://factmaps.sodir.no/map/redirect/fld.ashx?id=43785,31.01.2025,31.01.2025,09.09.2025
DRAUGEN,OKEA ASA,Producing,6407/9-1,07.09.1984,Norwegian sea,PRODUCTION LICENSE,093,Kristiansund,OIL,21548,43758,133,34925006,https://factpages.sodir.no/field/pageview/all/43758,https://factmaps.sodir.no/map/redirect/fld.ashx?id=43758,31.01.2025,31.01.2025,09.09.2025
DUVA,Vår Energi ASA,Producing,36/7-4,26.09.2016,North sea,PRODUCTION LICENSE,636,Florø,OIL/GAS,21561151,34833026,7988,50000032,https://factpages.sodir.no/field/pageview/all/34833026,https://factmaps.sodir.no/map/redirect/fld.ashx?id=34833026,31.01.2025,31.01.2025,09.09.2025
DVALIN,Harbour Energy Norge AS,Producing,6507/7-14 S,26.09.2010,Norwegian sea,PRODUCTION LICENSE,435,Kristiansund,GAS,4238696,29393934,6367,50000138,https://factpages.sodir.no/field/pageview/all/29393934,https://factmaps.sodir.no/map/redirect/fld.ashx?id=29393934,05.02.2025,31.01.2025,09.09.2025
EDDA,ConocoPhillips Skandinavia AS,Shut down,2/7-4,03.09.1972,North sea,PRODUCTION LICENSE,018,,OIL,20900,43541,263,2410696,https://factpages.sodir.no/field/pageview/all/43541,https://factmaps.sodir.no/map/redirect/fld.ashx?id=43541,31.01.2025,31.01.2025,09.09.2025
EDVARD GRIEG,Aker BP ASA,Producing,16/1-8,13.11.2007,North sea,PRODUCTION LICENSE,338,Tananger,OIL,2986578,21675433,5612,28544099,https://factpages.sodir.no/field/pageview/all/21675433,https://factmaps.sodir.no/map/redirect/fld.ashx?id=21675433,31.01.2025,31.01.2025,09.09.2025
EIRIN,Equinor Energy AS,Approved for production,15/5-2,16.12.1978,North sea,PRODUCTION LICENSE,048 E,Dusavik,GAS,18450020,42002492,316,32011216,https://factpages.sodir.no/field/pageview/all/42002492,https://factmaps.sodir.no/map/redirect/fld.ashx?id=42002492,31.01.2025,31.01.2025,09.09.2025
EKOFISK,ConocoPhillips Skandinavia AS,Producing,2/4-2,24.12.1969,North sea,PRODUCTION LICENSE,018,Tananger,OIL,20900,43506,172,2410696,https://factpages.sodir.no/field/pageview/all/43506,https://factmaps.sodir.no/map/redirect/fld.ashx?id=43506,31.01.2025,31.01.2025,09.09.2025
ELDFISK,ConocoPhillips Skandinavia AS,Producing,2/7-1,11.12.1970,North sea,PRODUCTION LICENSE,018,Tananger,OIL,20900,43527,179,2410696,https://factpages.sodir.no/field/pageview/all/43527,https://factmaps.sodir.no/map/redirect/fld.ashx?id=43527,31.01.2025,31.01.2025,09.09.2025
EMBLA,ConocoPhillips Skandinavia AS,Producing,2/7-20,25.06.1988,North sea,PRODUCTION LICENSE,018,Tananger,OIL,20900,43534,1062,2410696,https://factpages.sodir.no/field/pageview/all/43534,https://factmaps.sodir.no/map/redirect/fld.ashx?id=43534,31.01.2025,31.01.2025,09.09.2025
ENOCH,Bridge Petroleum 3 Limited,Producing,?,,North sea,BUSINESS ARRANGEMENT AREA,ENOCH UNIT,,OIL,3437805,3437659,0,50000140,https://factpages.sodir.no/field/pageview/all/3437659,https://factmaps.sodir.no/map/redirect/fld.ashx?id=3437659,04.09.2025,06.09.2025,09.09.2025
FENJA,Vår Energi ASA,Producing,6406/12-3 S,26.04.2014,Norwegian sea,PRODUCTION LICENSE,586,Kristiansund,OIL/GAS,20109200,31164879,7322,50000032,https://factpages.sodir.no/field/pageview/all/31164879,https://factmaps.sodir.no/map/redirect/fld.ashx?id=31164879,31.01.2025,31.01.2025,09.09.2025
FENRIS,Aker BP ASA,Approved for production,2/4-21,24.05.2012,North sea,PRODUCTION LICENSE,146,Tananger,GAS/CONDENSATE,21980,42002478,6736,28544099,https://factpages.sodir.no/field/pageview/all/42002478,https://factmaps.sodir.no/map/redirect/fld.ashx?id=42002478,31.01.2025,31.01.2025,09.09.2025
FLYNDRE,,Shut down,1/5-2,15.04.1974,North sea,,,,OIL,,24635035,238,,https://factpages.sodir.no/field/pageview/all/24635035,https://factmaps.sodir.no/map/redirect/fld.ashx?id=24635035,04.06.2025,04.06.2025,09.09.2025
FRAM,Equinor Energy AS,Producing,35/11-4,29.12.1990,North sea,PRODUCTION LICENSE,090,Mongstad,OIL/GAS,21524,1578840,1523,32011216,https://factpages.sodir.no/field/pageview/all/1578840,https://factmaps.sodir.no/map/redirect/fld.ashx?id=1578840,31.01.2025,08.08.2025,09.09.2025
FRAM H-NORD,Equinor Energy AS,Producing,35/11-15 S,28.06.2007,North sea,BUSINESS ARRANGEMENT AREA,FRAM H-NORD UNIT,Mongstad,OIL,23410876,23410947,5517,32011216,https://factpages.sodir.no/field/pageview/all/23410947,https://factmaps.sodir.no/map/redirect/fld.ashx?id=23410947,31.01.2025,31.01.2025,09.09.2025
FRIGG,Aker BP ASA,Shut down,25/1-1,22.07.1971,North sea,PRODUCTION LICENSE,1249,,GAS,38724103,43555,190,28544099,https://factpages.sodir.no/field/pageview/all/43555,https://factmaps.sodir.no/map/redirect/fld.ashx?id=43555,29.05.2025,26.03.2025,09.09.2025
FRØY,Aker BP ASA,Shut down,25/5-1,01.08.1987,North sea,PRODUCTION LICENSE,364,,OIL,3810636,43597,884,28544099,https://factpages.sodir.no/field/pageview/all/43597,https://factmaps.sodir.no/map/redirect/fld.ashx?id=43597,31.01.2025,31.01.2025,09.09.2025
FULLA,Aker BP ASA,Approved for production,30/11-7,03.02.2009,North sea,PRODUCTION LICENSE,873,,OIL/CONDENSATE,28973585,42002479,5919,28544099,https://factpages.sodir.no/field/pageview/all/42002479,https://factmaps.sodir.no/map/redirect/fld.ashx?id=42002479,31.01.2025,31.01.2025,09.09.2025
GAUPE,,Shut down,6/3-1,01.02.1985,North sea,,,,OIL/GAS,,18161341,450,,https://factpages.sodir.no/field/pageview/all/18161341,https://factmaps.sodir.no/map/redirect/fld.ashx?id=18161341,31.01.2025,31.01.2025,09.09.2025
GIMLE,Equinor Energy AS,Producing,34/10-48 S,22.12.2004,North sea,BUSINESS ARRANGEMENT AREA,BRIME UNIT,Mongstad,OIL,41319867,4005142,4902,32011216,https://factpages.sodir.no/field/pageview/all/4005142,https://factmaps.sodir.no/map/redirect/fld.ashx?id=4005142,31.01.2025,31.01.2025,09.09.2025
GINA KROG,Equinor Energy AS,Producing,15/5-1,08.04.1978,North sea,BUSINESS ARRANGEMENT AREA,GINA KROG UNIT,Dusavik,OIL/GAS,23412556,23384544,315,32011216,https://factpages.sodir.no/field/pageview/all/23384544,https://factmaps.sodir.no/map/redirect/fld.ashx?id=23384544,31.01.2025,31.01.2025,09.09.2025
GJØA,Vår Energi ASA,Producing,35/9-1,07.05.1989,North sea,PRODUCTION LICENSE,153,Florø,OIL/GAS,22036,4467574,1375,50000032,https://factpages.sodir.no/field/pageview/all/4467574,https://factmaps.sodir.no/map/redirect/fld.ashx?id=4467574,28.05.2025,20.06.2025,09.09.2025
GLITNE,Equinor Energy AS,Shut down,15/5-5,05.10.1995,North sea,PRODUCTION LICENSE,1140,Dusavik,OIL,38723926,1272071,2635,32011216,https://factpages.sodir.no/field/pageview/all/1272071,https://factmaps.sodir.no/map/redirect/fld.ashx?id=1272071,31.01.2025,31.01.2025,09.09.2025
GOLIAT,Vår Energi ASA,Producing,7122/7-1,05.10.2000,Barents sea,PRODUCTION LICENSE,229,Hammerfest,OIL,22644,5774394,4173,50000032,https://factpages.sodir.no/field/pageview/all/5774394,https://factmaps.sodir.no/map/redirect/fld.ashx?id=5774394,31.01.2025,31.01.2025,09.09.2025
GRANE,Equinor Energy AS,Producing,25/11-15,25.12.1991,North sea,BUSINESS ARRANGEMENT AREA,GRANE UNIT,Dusavik,OIL,1031365,1035937,1872,32011216,https://factpages.sodir.no/field/pageview/all/1035937,https://factmaps.sodir.no/map/redirect/fld.ashx?id=1035937,31.01.2025,31.01.2025,09.09.2025
GUDRUN,Equinor Energy AS,Producing,15/3-1 S,06.07.1975,North sea,PRODUCTION LICENSE,025,Dusavik,GAS/CONDENSATE,34512,18116481,309,32011216,https://factpages.sodir.no/field/pageview/all/18116481,https://factmaps.sodir.no/map/redirect/fld.ashx?id=18116481,31.01.2025,31.01.2025,09.09.2025
GULLFAKS,Equinor Energy AS,Producing,34/10-1,08.09.1978,North sea,PRODUCTION LICENSE,050,Mongstad,OIL,21188,43686,424,32011216,https://factpages.sodir.no/field/pageview/all/43686,https://factmaps.sodir.no/map/redirect/fld.ashx?id=43686,31.01.2025,03.09.2025,09.09.2025
GULLFAKS SØR,Equinor Energy AS,Producing,34/10-2,08.12.1978,North sea,PRODUCTION LICENSE,050,Mongstad,OIL/GAS,21188,43699,425,32011216,https://factpages.sodir.no/field/pageview/all/43699,https://factmaps.sodir.no/map/redirect/fld.ashx?id=43699,28.05.2025,31.01.2025,09.09.2025
GUNGNE,Equinor Energy AS,Producing,15/9-15,01.08.1982,North sea,PRODUCTION LICENSE,046,Dusavik,GAS,21156,43464,74,32011216,https://factpages.sodir.no/field/pageview/all/43464,https://factmaps.sodir.no/map/redirect/fld.ashx?id=43464,31.01.2025,31.01.2025,09.09.2025
GYDA,,Shut down,2/1-3,29.03.1980,North sea,,,Tananger,OIL,,43492,251,,https://factpages.sodir.no/field/pageview/all/43492,https://factmaps.sodir.no/map/redirect/fld.ashx?id=43492,31.01.2025,31.01.2025,09.09.2025
HALTEN ØST,Equinor Energy AS,Producing,6507/11-6,08.07.2001,Norwegian sea,BUSINESS ARRANGEMENT AREA,HALTEN ØST UNIT,Kristiansund,GAS/CONDENSATE,38215610,42148955,4321,32011216,https://factpages.sodir.no/field/pageview/all/42148955,https://factmaps.sodir.no/map/redirect/fld.ashx?id=42148955,18.03.2025,20.03.2025,09.09.2025
HANZ,Aker BP ASA,Producing,25/10-8,07.04.1997,North sea,PRODUCTION LICENSE,028 B,Tananger,OIL/GAS,917484,25307278,2955,28544099,https://factpages.sodir.no/field/pageview/all/25307278,https://factmaps.sodir.no/map/redirect/fld.ashx?id=25307278,31.01.2025,31.01.2025,09.09.2025
HEIDRUN,Equinor Energy AS,Producing,6507/7-2,10.06.1985,Norwegian sea,BUSINESS ARRANGEMENT AREA,HEIDRUN UNIT,Kristiansund,OIL/GAS,40490,43771,464,32011216,https://factpages.sodir.no/field/pageview/all/43771,https://factmaps.sodir.no/map/redirect/fld.ashx?id=43771,31.01.2025,31.01.2025,09.09.2025
HEIMDAL,Aker BP ASA,Shut down,25/4-1,09.12.1972,North sea,PRODUCTION LICENSE,1175 B,Dusavik,OIL/GAS,38724088,43590,359,28544099,https://factpages.sodir.no/field/pageview/all/43590,https://factmaps.sodir.no/map/redirect/fld.ashx?id=43590,29.05.2025,05.04.2025,09.09.2025
HOD,Aker BP ASA,Producing,2/11-2,29.12.1974,North sea,PRODUCTION LICENSE,033,Tananger,OIL,21052,43485,285,28544099,https://factpages.sodir.no/field/pageview/all/43485,https://factmaps.sodir.no/map/redirect/fld.ashx?id=43485,31.01.2025,31.01.2025,09.09.2025
HUGIN,Aker BP ASA,Approved for production,25/2-10 S,19.03.1986,North sea,PRODUCTION LICENSE,442,,OIL/GAS,4237510,42002474,855,28544099,https://factpages.sodir.no/field/pageview/all/42002474,https://factmaps.sodir.no/map/redirect/fld.ashx?id=42002474,31.01.2025,31.01.2025,09.09.2025
HULDRA,Equinor Energy AS,Shut down,30/2-1,12.10.1982,North sea,PRODUCTION LICENSE,878,Mongstad,GAS/CONDENSATE,28973861,97002,72,32011216,https://factpages.sodir.no/field/pageview/all/97002,https://factmaps.sodir.no/map/redirect/fld.ashx?id=97002,31.01.2025,03.07.2025,09.09.2025
HYME,Equinor Energy AS,Producing,6407/8-5 S,26.05.2009,Norwegian sea,PRODUCTION LICENSE,348,Kristiansund,OIL,2987047,20474183,6110,32011216,https://factpages.sodir.no/field/pageview/all/20474183,https://factmaps.sodir.no/map/redirect/fld.ashx?id=20474183,31.01.2025,31.01.2025,09.09.2025
IDUN NORD,Aker BP ASA,Approved for production,6507/3-7,22.07.2009,Norwegian sea,PRODUCTION LICENSE,159 D,,GAS,4939421,42002477,6123,28544099,https://factpages.sodir.no/field/pageview/all/42002477,https://factmaps.sodir.no/map/redirect/fld.ashx?id=42002477,31.01.2025,31.01.2025,09.09.2025
IRPA,Equinor Energy AS,Approved for production,6705/10-1,19.03.2009,Norwegian sea,PRODUCTION LICENSE,327 B,,GAS,4720054,42002482,6044,32011216,https://factpages.sodir.no/field/pageview/all/42002482,https://factmaps.sodir.no/map/redirect/fld.ashx?id=42002482,05.02.2025,31.01.2025,09.09.2025
ISLAY,TotalEnergies E&P UK Limited,Producing,?,,North sea,BUSINESS ARRANGEMENT AREA,ISLAY UNIT,,GAS,27122635,21105675,0,35000018,https://factpages.sodir.no/field/pageview/all/21105675,https://factmaps.sodir.no/map/redirect/fld.ashx?id=21105675,31.01.2025,31.01.2025,09.09.2025
IVAR AASEN,Aker BP ASA,Producing,16/1-9,22.04.2008,North sea,BUSINESS ARRANGEMENT AREA,IVAR AASEN UNIT,Tananger,OIL,25307128,23384520,5773,28544099,https://factpages.sodir.no/field/pageview/all/23384520,https://factmaps.sodir.no/map/redirect/fld.ashx?id=23384520,31.01.2025,31.01.2025,09.09.2025
JETTE,,Shut down,25/8-17,29.10.2009,North sea,,,,OIL,,21613906,6185,,https://factpages.sodir.no/field/pageview/all/21613906,https://factmaps.sodir.no/map/redirect/fld.ashx?id=21613906,31.01.2025,31.01.2025,09.09.2025
JOHAN CASTBERG,Equinor Energy AS,Producing,7220/8-1,02.05.2011,Barents sea,PRODUCTION LICENSE,532,Hammerfest,OIL/GAS,5463659,32017325,6484,32011216,https://factpages.sodir.no/field/pageview/all/32017325,https://factmaps.sodir.no/map/redirect/fld.ashx?id=32017325,01.04.2025,30.04.2025,09.09.2025
JOHAN SVERDRUP,Equinor Energy AS,Producing,16/2-6,20.09.2010,North sea,BUSINESS ARRANGEMENT AREA,JOHAN SVERDRUP UNIT,Dusavik,OIL,26312510,26376286,6374,32011216,https://factpages.sodir.no/field/pageview/all/26376286,https://factmaps.sodir.no/map/redirect/fld.ashx?id=26376286,31.01.2025,31.01.2025,09.09.2025
JOTUN,Vår Energi ASA,Shut down,25/8-5 S,22.09.1994,North sea,PRODUCTION LICENSE,1203,Dusavik,OIL,38724022,43604,2390,50000032,https://factpages.sodir.no/field/pageview/all/43604,https://factmaps.sodir.no/map/redirect/fld.ashx?id=43604,31.01.2025,31.01.2025,09.09.2025
KNARR,,Shut down,34/3-1 S,10.09.2008,North sea,,,Florø,OIL,,20460988,5811,,https://factpages.sodir.no/field/pageview/all/20460988,https://factmaps.sodir.no/map/redirect/fld.ashx?id=20460988,31.01.2025,31.01.2025,09.09.2025
KRISTIN,Equinor Energy AS,Producing,6406/2-3,15.04.1997,Norwegian sea,BUSINESS ARRANGEMENT AREA,HALTENBANKEN VEST UNIT,Kristiansund,GAS/CONDENSATE,1854695,1854729,2849,32011216,https://factpages.sodir.no/field/pageview/all/1854729,https://factmaps.sodir.no/map/redirect/fld.ashx?id=1854729,31.01.2025,31.01.2025,09.09.2025
KVITEBJØRN,Equinor Energy AS,Producing,34/11-1,25.10.1994,North sea,PRODUCTION LICENSE,193,Mongstad,GAS/CONDENSATE,22356,1036101,2377,32011216,https://factpages.sodir.no/field/pageview/all/1036101,https://factmaps.sodir.no/map/redirect/fld.ashx?id=1036101,31.01.2025,31.01.2025,09.09.2025
LILLE-FRIGG,Aker BP ASA,Shut down,25/2-4,20.10.1975,North sea,PRODUCTION LICENSE,873,,GAS/CONDENSATE,28973585,43583,356,28544099,https://factpages.sodir.no/field/pageview/all/43583,https://factmaps.sodir.no/map/redirect/fld.ashx?id=43583,31.01.2025,31.01.2025,09.09.2025
MARIA,Harbour Energy Norge AS,Producing,6406/3-8,10.08.2010,Norwegian sea,PRODUCTION LICENSE,475 BS,,OIL,5107669,26465170,6350,50000138,https://factpages.sodir.no/field/pageview/all/26465170,https://factmaps.sodir.no/map/redirect/fld.ashx?id=26465170,05.02.2025,21.05.2025,09.09.2025
MARTIN LINGE,Equinor Energy AS,Producing,30/7-6 R,03.06.1978,North sea,BUSINESS ARRANGEMENT AREA,MARTIN LINGE UNIT,Tananger/Dusavik,OIL/GAS,3812119,21675447,507,32011216,https://factpages.sodir.no/field/pageview/all/21675447,https://factmaps.sodir.no/map/redirect/fld.ashx?id=21675447,31.01.2025,31.01.2025,09.09.2025
MARULK,DNO Norge AS,Producing,6507/2-2,16.03.1992,Norwegian sea,PRODUCTION LICENSE,122,Sandnessjøen,GAS,21788,18212090,1840,29468270,https://factpages.sodir.no/field/pageview/all/18212090,https://factmaps.sodir.no/map/redirect/fld.ashx?id=18212090,31.01.2025,31.01.2025,09.09.2025
MIKKEL,Equinor Energy AS,Producing,6407/6-3,16.02.1987,Norwegian sea,BUSINESS ARRANGEMENT AREA,MIKKEL UNIT,Kristiansund,GAS/CONDENSATE,1629477,1630514,1024,32011216,https://factpages.sodir.no/field/pageview/all/1630514,https://factmaps.sodir.no/map/redirect/fld.ashx?id=1630514,31.01.2025,31.01.2025,09.09.2025
MIME,,Shut down,7/11-5,10.06.1982,North sea,,,,OIL,,43792,42,,https://factpages.sodir.no/field/pageview/all/43792,https://factmaps.sodir.no/map/redirect/fld.ashx?id=43792,31.01.2025,31.01.2025,09.09.2025
MORVIN,Equinor Energy AS,Producing,6506/11-7,27.07.2001,Norwegian sea,PRODUCTION LICENSE,134 B,Kristiansund,OIL/GAS,1025257,4966234,3322,32011216,https://factpages.sodir.no/field/pageview/all/4966234,https://factmaps.sodir.no/map/redirect/fld.ashx?id=4966234,31.01.2025,31.01.2025,09.09.2025
MUNIN,Aker BP ASA,Approved for production,30/11-8 S,20.05.2011,North sea,PRODUCTION LICENSE,035,,OIL/GAS,21068,42002476,6540,28544099,https://factpages.sodir.no/field/pageview/all/42002476,https://factmaps.sodir.no/map/redirect/fld.ashx?id=42002476,31.01.2025,31.01.2025,09.09.2025
MURCHISON,,Shut down,?,,North sea,,,"Peterhead, Skottland",OIL,,43665,0,,https://factpages.sodir.no/field/pageview/all/43665,https://factmaps.sodir.no/map/redirect/fld.ashx?id=43665,31.01.2025,31.01.2025,09.09.2025
NJORD,Equinor Energy AS,Producing,6407/7-1 S,07.04.1986,Norwegian sea,BUSINESS ARRANGEMENT AREA,NJORD UNIT,Kristiansund,OIL,40585,43751,474,32011216,https://factpages.sodir.no/field/pageview/all/43751,https://factmaps.sodir.no/map/redirect/fld.ashx?id=43751,31.01.2025,31.01.2025,09.09.2025
NORDØST FRIGG,Aker BP ASA,Shut down,25/1-4,30.05.1974,North sea,PRODUCTION LICENSE,1250 S,,GAS,38724105,43568,350,28544099,https://factpages.sodir.no/field/pageview/all/43568,https://factmaps.sodir.no/map/redirect/fld.ashx?id=43568,29.05.2025,26.03.2025,09.09.2025
NORNE,Equinor Energy AS,Producing,6608/10-2,29.01.1992,Norwegian sea,BUSINESS ARRANGEMENT AREA,NORNE INSIDE,Sandnessjøen,OIL/GAS,40672,43778,1782,32011216,https://factpages.sodir.no/field/pageview/all/43778,https://factmaps.sodir.no/map/redirect/fld.ashx?id=43778,31.01.2025,31.01.2025,09.09.2025
NOVA,Harbour Energy Norge AS,Producing,35/9-7,14.04.2012,North sea,PRODUCTION LICENSE,418,Florø,OIL,4238348,33197696,6776,50000138,https://factpages.sodir.no/field/pageview/all/33197696,https://factmaps.sodir.no/map/redirect/fld.ashx?id=33197696,31.01.2025,31.01.2025,09.09.2025
ODA,Aker BP ASA,Producing,8/10-4 S,27.10.2011,North sea,PRODUCTION LICENSE,405,,OIL,4237284,29412516,6630,28544099,https://factpages.sodir.no/field/pageview/all/29412516,https://factmaps.sodir.no/map/redirect/fld.ashx?id=29412516,04.02.2025,04.02.2025,09.09.2025
ODIN,Aker BP ASA,Shut down,30/10-2,28.03.1974,North sea,PRODUCTION LICENSE,1250 S,,GAS,38724105,43610,392,28544099,https://factpages.sodir.no/field/pageview/all/43610,https://factmaps.sodir.no/map/redirect/fld.ashx?id=43610,29.05.2025,26.03.2025,09.09.2025
ORMEN LANGE,A/S Norske Shell,Producing,6305/5-1,07.10.1997,Norwegian sea,BUSINESS ARRANGEMENT AREA,ORMEN LANGE UNIT,Kristiansund,GAS,2588637,2762452,3144,562,https://factpages.sodir.no/field/pageview/all/2762452,https://factmaps.sodir.no/map/redirect/fld.ashx?id=2762452,31.01.2025,31.01.2025,09.09.2025
OSEBERG,Equinor Energy AS,Producing,30/6-1,22.09.1979,North sea,BUSINESS ARRANGEMENT AREA,OSEBERG AREA UNIT,Mongstad,OIL/GAS,3500071,43625,380,32011216,https://factpages.sodir.no/field/pageview/all/43625,https://factmaps.sodir.no/map/redirect/fld.ashx?id=43625,31.01.2025,31.01.2025,09.09.2025
OSEBERG SØR,Equinor Energy AS,Producing,30/9-3,26.02.1984,North sea,BUSINESS ARRANGEMENT AREA,OSEBERG AREA UNIT,Mongstad,OIL/GAS,3500071,43645,55,32011216,https://factpages.sodir.no/field/pageview/all/43645,https://factmaps.sodir.no/map/redirect/fld.ashx?id=43645,31.01.2025,21.05.2025,09.09.2025
OSEBERG ØST,Equinor Energy AS,Producing,30/6-5,15.08.1981,North sea,BUSINESS ARRANGEMENT AREA,OSEBERG AREA UNIT,Mongstad,OIL,3500071,43639,118,32011216,https://factpages.sodir.no/field/pageview/all/43639,https://factmaps.sodir.no/map/redirect/fld.ashx?id=43639,31.01.2025,31.01.2025,09.09.2025
OSELVAR,,Shut down,1/3-6,22.06.1991,North sea,,,,GAS,,5506919,1521,,https://factpages.sodir.no/field/pageview/all/5506919,https://factmaps.sodir.no/map/redirect/fld.ashx?id=5506919,31.01.2025,31.01.2025,09.09.2025
REV,Repsol Norge AS,Producing,15/12-12,09.02.2001,North sea,PRODUCTION LICENSE,038 C,,OIL/GAS,4005057,4467554,3391,27052812,https://factpages.sodir.no/field/pageview/all/4467554,https://factmaps.sodir.no/map/redirect/fld.ashx?id=4467554,31.01.2025,31.01.2025,09.09.2025
RINGHORNE ØST,Vår Energi ASA,Producing,25/8-14 S,22.09.2003,North sea,BUSINESS ARRANGEMENT AREA,RINGHORNE ØST UNIT,,OIL,3505593,3505505,4805,50000032,https://factpages.sodir.no/field/pageview/all/3505505,https://factmaps.sodir.no/map/redirect/fld.ashx?id=3505505,31.01.2025,31.01.2025,09.09.2025
SIGYN,Equinor Energy AS,Producing,16/7-4,06.12.1982,North sea,PRODUCTION LICENSE,072,Dusavik,GAS/CONDENSATE,21372,1630100,91,32011216,https://factpages.sodir.no/field/pageview/all/1630100,https://factmaps.sodir.no/map/redirect/fld.ashx?id=1630100,31.01.2025,31.01.2025,09.09.2025
SINDRE,Equinor Energy AS,Producing,34/10-55 S,26.03.2017,North sea,BUSINESS ARRANGEMENT AREA,BRIME UNIT,,OIL/GAS,41319867,29401178,8102,32011216,https://factpages.sodir.no/field/pageview/all/29401178,https://factmaps.sodir.no/map/redirect/fld.ashx?id=29401178,31.01.2025,31.01.2025,09.09.2025
SKARV,Aker BP ASA,Producing,6507/5-1,03.05.1998,Norwegian sea,BUSINESS ARRANGEMENT AREA,SKARV UNIT,Sandnessjøen,OIL/GAS,4468539,4704482,3683,28544099,https://factpages.sodir.no/field/pageview/all/4704482,https://factmaps.sodir.no/map/redirect/fld.ashx?id=4704482,31.01.2025,31.01.2025,09.09.2025
SKIRNE,,Shut down,25/5-3,26.03.1990,North sea,,,,GAS/CONDENSATE,,2138816,1488,,https://factpages.sodir.no/field/pageview/all/2138816,https://factmaps.sodir.no/map/redirect/fld.ashx?id=2138816,31.01.2025,31.01.2025,09.09.2025
SKOGUL,Aker BP ASA,Producing,25/1-11 R,26.04.2010,North sea,PRODUCTION LICENSE,460,,OIL,4910195,31164600,6368,28544099,https://factpages.sodir.no/field/pageview/all/31164600,https://factmaps.sodir.no/map/redirect/fld.ashx?id=31164600,31.01.2025,31.01.2025,09.09.2025
SKULD,Equinor Energy AS,Producing,6608/10-12,21.12.2008,Norwegian sea,PRODUCTION LICENSE,128,Sandnessjøen,OIL,21836,21350124,5949,32011216,https://factpages.sodir.no/field/pageview/all/21350124,https://factmaps.sodir.no/map/redirect/fld.ashx?id=21350124,31.01.2025,31.01.2025,09.09.2025
SLEIPNER VEST,Equinor Energy AS,Producing,15/6-3,19.12.1974,North sea,BUSINESS ARRANGEMENT AREA,SLEIPNER VEST UNIT,Dusavik,GAS/CONDENSATE,40848,43457,318,32011216,https://factpages.sodir.no/field/pageview/all/43457,https://factmaps.sodir.no/map/redirect/fld.ashx?id=43457,31.01.2025,31.01.2025,09.09.2025
SLEIPNER ØST,Equinor Energy AS,Producing,15/9-9,14.07.1981,North sea,BUSINESS ARRANGEMENT AREA,SLEIPNER ØST UNIT,Dusavik,GAS/CONDENSATE,41211,43478,328,32011216,https://factpages.sodir.no/field/pageview/all/43478,https://factmaps.sodir.no/map/redirect/fld.ashx?id=43478,31.01.2025,10.03.2025,09.09.2025
SNORRE,Equinor Energy AS,Producing,34/4-1,16.12.1979,North sea,BUSINESS ARRANGEMENT AREA,SNORRE UNIT,Florø,OIL,40906,43718,422,32011216,https://factpages.sodir.no/field/pageview/all/43718,https://factmaps.sodir.no/map/redirect/fld.ashx?id=43718,31.01.2025,31.01.2025,09.09.2025
SNØHVIT,Equinor Energy AS,Producing,7121/4-1,27.10.1984,Barents sea,BUSINESS ARRANGEMENT AREA,SNØHVIT UNIT,Hammerfest,GAS,1333943,2053062,135,32011216,https://factpages.sodir.no/field/pageview/all/2053062,https://factmaps.sodir.no/map/redirect/fld.ashx?id=2053062,31.01.2025,21.05.2025,09.09.2025
SOLVEIG,Aker BP ASA,Producing,16/4-6 S,03.05.2013,North sea,PRODUCTION LICENSE,359,Tananger,OIL,3810373,34833011,7098,28544099,https://factpages.sodir.no/field/pageview/all/34833011,https://factmaps.sodir.no/map/redirect/fld.ashx?id=34833011,31.01.2025,31.01.2025,09.09.2025
STATFJORD,Equinor Energy AS,Producing,33/12-1,18.04.1974,North sea,BUSINESS ARRANGEMENT AREA,STATFJORD UNIT,Mongstad,OIL,41686,43658,417,32011216,https://factpages.sodir.no/field/pageview/all/43658,https://factmaps.sodir.no/map/redirect/fld.ashx?id=43658,31.01.2025,31.01.2025,09.09.2025
STATFJORD NORD,Equinor Energy AS,Producing,33/9-8,18.02.1977,North sea,PRODUCTION LICENSE,037,Mongstad,OIL,21084,43679,413,32011216,https://factpages.sodir.no/field/pageview/all/43679,https://factmaps.sodir.no/map/redirect/fld.ashx?id=43679,31.01.2025,31.01.2025,09.09.2025
STATFJORD ØST,Equinor Energy AS,Producing,33/9-7,07.11.1976,North sea,BUSINESS ARRANGEMENT AREA,STATFJORD ØST UNIT,Mongstad,OIL,41233,43672,412,32011216,https://factpages.sodir.no/field/pageview/all/43672,https://factmaps.sodir.no/map/redirect/fld.ashx?id=43672,31.01.2025,31.01.2025,09.09.2025
SVALIN,Equinor Energy AS,Producing,25/11-16,24.07.1992,North sea,PRODUCTION LICENSE,169,Dusavik,OIL,22164,22507971,1920,32011216,https://factpages.sodir.no/field/pageview/all/22507971,https://factmaps.sodir.no/map/redirect/fld.ashx?id=22507971,31.01.2025,31.01.2025,09.09.2025
SYGNA,Equinor Energy AS,Producing,33/9-19 S,23.07.1996,North sea,BUSINESS ARRANGEMENT AREA,SYGNA UNIT,Florø,OIL,96205,104718,2830,32011216,https://factpages.sodir.no/field/pageview/all/104718,https://factmaps.sodir.no/map/redirect/fld.ashx?id=104718,31.01.2025,31.01.2025,09.09.2025
SYMRA,Aker BP ASA,Approved for production,16/1-29 S,03.06.2018,North sea,PRODUCTION LICENSE,167,,OIL/GAS,22148,42002480,8383,28544099,https://factpages.sodir.no/field/pageview/all/42002480,https://factmaps.sodir.no/map/redirect/fld.ashx?id=42002480,31.01.2025,31.01.2025,09.09.2025
TAMBAR,Aker BP ASA,Producing,1/3-3,24.03.1983,North sea,PRODUCTION LICENSE,065,Tananger,OIL,21316,1028599,87,28544099,https://factpages.sodir.no/field/pageview/all/1028599,https://factmaps.sodir.no/map/redirect/fld.ashx?id=1028599,31.01.2025,31.01.2025,09.09.2025
TAMBAR ØST,Aker BP ASA,Producing,1/3-K-5,29.06.2007,North sea,BUSINESS ARRANGEMENT AREA,TAMBAR ØST UNIT,,OIL,4999504,4999528,5485,28544099,https://factpages.sodir.no/field/pageview/all/4999528,https://factmaps.sodir.no/map/redirect/fld.ashx?id=4999528,31.01.2025,31.01.2025,09.09.2025
TOMMELITEN A,ConocoPhillips Skandinavia AS,Producing,1/9-1,17.02.1977,North sea,BUSINESS ARRANGEMENT AREA,TOMMELITEN A UNIT,Tananger,GAS/CONDENSATE,40915772,40867462,243,2410696,https://factpages.sodir.no/field/pageview/all/40867462,https://factmaps.sodir.no/map/redirect/fld.ashx?id=40867462,31.01.2025,01.03.2025,09.09.2025
TOMMELITEN GAMMA,ConocoPhillips Skandinavia AS,Shut down,1/9-4,12.01.1978,North sea,BUSINESS ARRANGEMENT AREA,TOMMELITEN UNIT,,GAS/CONDENSATE,41411,43444,247,2410696,https://factpages.sodir.no/field/pageview/all/43444,https://factmaps.sodir.no/map/redirect/fld.ashx?id=43444,31.01.2025,31.01.2025,09.09.2025
TOR,ConocoPhillips Skandinavia AS,Producing,2/5-1,22.11.1970,North sea,BUSINESS ARRANGEMENT AREA,TOR UNIT,Tananger,OIL,45891,43520,178,2410696,https://factpages.sodir.no/field/pageview/all/43520,https://factmaps.sodir.no/map/redirect/fld.ashx?id=43520,31.01.2025,03.09.2025,09.09.2025
TORDIS,Equinor Energy AS,Producing,34/7-12,17.12.1987,North sea,PRODUCTION LICENSE,089,Florø,OIL,21516,43725,1187,32011216,https://factpages.sodir.no/field/pageview/all/43725,https://factmaps.sodir.no/map/redirect/fld.ashx?id=43725,31.01.2025,31.01.2025,09.09.2025
TRESTAKK,Equinor Energy AS,Producing,6406/3-2,22.11.1986,Norwegian sea,PRODUCTION LICENSE,091 G,Kristiansund,OIL,38724060,29396445,863,32011216,https://factpages.sodir.no/field/pageview/all/29396445,https://factmaps.sodir.no/map/redirect/fld.ashx?id=29396445,31.01.2025,31.01.2025,09.09.2025
TROLL,Equinor Energy AS,Producing,31/2-1,09.11.1979,North sea,BUSINESS ARRANGEMENT AREA,TROLL UNIT,Mongstad,OIL/GAS,41105,46437,398,32011216,https://factpages.sodir.no/field/pageview/all/46437,https://factmaps.sodir.no/map/redirect/fld.ashx?id=46437,31.01.2025,13.08.2025,09.09.2025
TROLL BRENT B,Equinor Energy AS,Shut down,31/2-N-11 H,24.08.2005,North sea,PRODUCTION LICENSE,054,Mongstad,OIL,21228,29398828,5102,32011216,https://factpages.sodir.no/field/pageview/all/29398828,https://factmaps.sodir.no/map/redirect/fld.ashx?id=29398828,31.01.2025,31.01.2025,09.09.2025
TRYM,DNO Norge AS,Producing,3/7-4,23.01.1990,North sea,PRODUCTION LICENSE,147,,GAS/CONDENSATE,21988,18081500,1467,29468270,https://factpages.sodir.no/field/pageview/all/18081500,https://factmaps.sodir.no/map/redirect/fld.ashx?id=18081500,31.01.2025,31.01.2025,09.09.2025
TUNE,Equinor Energy AS,Producing,30/8-1 S,01.03.1995,North sea,PRODUCTION LICENSE,190,Mongstad,GAS/CONDENSATE,22332,853376,2430,32011216,https://factpages.sodir.no/field/pageview/all/853376,https://factmaps.sodir.no/map/redirect/fld.ashx?id=853376,31.01.2025,20.02.2025,09.09.2025
TYRIHANS,Equinor Energy AS,Producing,6407/1-2,15.05.1983,Norwegian sea,BUSINESS ARRANGEMENT AREA,TYRIHANS UNIT,Kristiansund,GAS/CONDENSATE,3488806,3960848,61,32011216,https://factpages.sodir.no/field/pageview/all/3960848,https://factmaps.sodir.no/map/redirect/fld.ashx?id=3960848,31.01.2025,31.01.2025,09.09.2025
TYRVING,Aker BP ASA,Producing,25/4-2,06.12.1973,North sea,BUSINESS ARRANGEMENT AREA,TYRVING UNIT,,OIL,40662362,42002471,360,28544099,https://factpages.sodir.no/field/pageview/all/42002471,https://factmaps.sodir.no/map/redirect/fld.ashx?id=42002471,31.01.2025,30.08.2025,09.09.2025
ULA,Aker BP ASA,Producing,7/12-2,23.09.1976,North sea,PRODUCTION LICENSE,019,Tananger,OIL,20916,43800,295,28544099,https://factpages.sodir.no/field/pageview/all/43800,https://factmaps.sodir.no/map/redirect/fld.ashx?id=43800,31.01.2025,31.01.2025,09.09.2025
URD,Equinor Energy AS,Producing,6608/10-6,14.05.2000,Norwegian sea,PRODUCTION LICENSE,128,Sandnessjøen,OIL,21836,2834734,3260,32011216,https://factpages.sodir.no/field/pageview/all/2834734,https://factmaps.sodir.no/map/redirect/fld.ashx?id=2834734,31.01.2025,31.01.2025,09.09.2025
UTGARD,Equinor Energy AS,Producing,15/8-1,07.01.1982,North sea,BUSINESS ARRANGEMENT AREA,UTGARD UNIT,,GAS,28975129,28975098,321,32011216,https://factpages.sodir.no/field/pageview/all/28975098,https://factmaps.sodir.no/map/redirect/fld.ashx?id=28975098,31.01.2025,31.01.2025,09.09.2025
VALE,,Shut down,25/4-6 S,24.08.1991,North sea,,,,GAS/CONDENSATE,,1578893,1703,,https://factpages.sodir.no/field/pageview/all/1578893,https://factmaps.sodir.no/map/redirect/fld.ashx?id=1578893,31.01.2025,31.01.2025,09.09.2025
VALEMON,Equinor Energy AS,Producing,34/10-23,13.10.1985,North sea,BUSINESS ARRANGEMENT AREA,VALEMON UNIT,Mongstad,GAS/CONDENSATE,18403644,20460969,476,32011216,https://factpages.sodir.no/field/pageview/all/20460969,https://factmaps.sodir.no/map/redirect/fld.ashx?id=20460969,31.01.2025,31.01.2025,09.09.2025
VALHALL,Aker BP ASA,Producing,2/8-6,30.06.1975,North sea,BUSINESS ARRANGEMENT AREA,VALHALL UNIT,Tananger,OIL,41657,43548,276,28544099,https://factpages.sodir.no/field/pageview/all/43548,https://factmaps.sodir.no/map/redirect/fld.ashx?id=43548,31.01.2025,13.08.2025,09.09.2025
VARG,,Shut down,15/12-4,31.10.1984,North sea,,,Tananger,OIL,,43451,438,,https://factpages.sodir.no/field/pageview/all/43451,https://factmaps.sodir.no/map/redirect/fld.ashx?id=43451,31.01.2025,31.01.2025,09.09.2025
VEGA,Harbour Energy Norge AS,Producing,35/8-1,24.01.1981,North sea,BUSINESS ARRANGEMENT AREA,VEGA UNIT,Florø,GAS/CONDENSATE,20459640,4467595,205,50000138,https://factpages.sodir.no/field/pageview/all/4467595,https://factmaps.sodir.no/map/redirect/fld.ashx?id=4467595,31.01.2025,31.01.2025,09.09.2025
VERDANDE,Equinor Energy AS,Approved for production,6608/10-17 S,31.01.2017,Norwegian sea,BUSINESS ARRANGEMENT AREA,VERDANDE UNIT,,OIL/GAS,41319878,42002481,8065,32011216,https://factpages.sodir.no/field/pageview/all/42002481,https://factmaps.sodir.no/map/redirect/fld.ashx?id=42002481,31.01.2025,31.01.2025,09.09.2025
VESLEFRIKK,Equinor Energy AS,Shut down,30/3-2 R,16.02.1981,North sea,PRODUCTION LICENSE,052,Mongstad,OIL,21212,43618,508,32011216,https://factpages.sodir.no/field/pageview/all/43618,https://factmaps.sodir.no/map/redirect/fld.ashx?id=43618,31.01.2025,31.01.2025,09.09.2025
VEST EKOFISK,ConocoPhillips Skandinavia AS,Shut down,2/4-6,10.12.1970,North sea,PRODUCTION LICENSE,018,,GAS/CONDENSATE,20900,43513,181,2410696,https://factpages.sodir.no/field/pageview/all/43513,https://factmaps.sodir.no/map/redirect/fld.ashx?id=43513,31.01.2025,31.01.2025,09.09.2025
VIGDIS,Equinor Energy AS,Producing,34/7-8,11.04.1986,North sea,PRODUCTION LICENSE,089,Florø,OIL,21516,43732,878,32011216,https://factpages.sodir.no/field/pageview/all/43732,https://factmaps.sodir.no/map/redirect/fld.ashx?id=43732,31.01.2025,31.01.2025,09.09.2025
VILJE,Aker BP ASA,Producing,25/4-9 S,29.09.2003,North sea,PRODUCTION LICENSE,036 D,,OIL,5081703,3392471,4278,28544099,https://factpages.sodir.no/field/pageview/all/3392471,https://factmaps.sodir.no/map/redirect/fld.ashx?id=3392471,31.01.2025,31.01.2025,09.09.2025
VISUND,Equinor Energy AS,Producing,34/8-1,08.03.1986,North sea,BUSINESS ARRANGEMENT AREA,VISUND INSIDE,Florø,OIL/GAS,40726,43745,854,32011216,https://factpages.sodir.no/field/pageview/all/43745,https://factmaps.sodir.no/map/redirect/fld.ashx?id=43745,31.01.2025,31.01.2025,09.09.2025
VISUND SØR,Equinor Energy AS,Producing,34/8-14 S,21.10.2008,North sea,BUSINESS ARRANGEMENT AREA,VISUND INSIDE,Mongstad,OIL/GAS,40726,20461008,5943,32011216,https://factpages.sodir.no/field/pageview/all/20461008,https://factmaps.sodir.no/map/redirect/fld.ashx?id=20461008,31.01.2025,31.01.2025,09.09.2025
VOLUND,Aker BP ASA,Producing,24/9-5,26.01.1994,North sea,PRODUCTION LICENSE,150,,OIL,22012,4380167,2244,28544099,https://factpages.sodir.no/field/pageview/all/4380167,https://factmaps.sodir.no/map/redirect/fld.ashx?id=4380167,31.01.2025,31.01.2025,09.09.2025
VOLVE,Aker BP ASA,Shut down,15/9-19 SR,29.04.1993,North sea,PRODUCTION LICENSE,1092,Dusavik,OIL,37817871,3420717,2105,28544099,https://factpages.sodir.no/field/pageview/all/3420717,https://factmaps.sodir.no/map/redirect/fld.ashx?id=3420717,31.01.2025,23.03.2025,09.09.2025
YME,Repsol Norge AS,Producing,9/2-1,28.04.1987,North sea,PRODUCTION LICENSE,316,,OIL,2786469,43807,1038,27052812,https://factpages.sodir.no/field/pageview/all/43807,https://factmaps.sodir.no/map/redirect/fld.ashx?id=43807,31.01.2025,31.01.2025,09.09.2025
YTTERGRYTA,Equinor Energy AS,Shut down,6507/11-8,03.07.2007,Norwegian sea,PRODUCTION LICENSE,062,,GAS,21292,4973114,5562,32011216,https://factpages.sodir.no/field/pageview/all/4973114,https://factmaps.sodir.no/map/redirect/fld.ashx?id=4973114,05.02.2025,31.01.2025,09.09.2025
ÆRFUGL NORD,Aker BP ASA,Producing,6507/3-9 S,15.07.2012,Norwegian sea,PRODUCTION LICENSE,212 E,Sandnessjøen,GAS/CONDENSATE,4966902,38542241,6951,28544099,https://factpages.sodir.no/field/pageview/all/38542241,https://factmaps.sodir.no/map/redirect/fld.ashx?id=38542241,31.01.2025,31.01.2025,09.09.2025
ØRN,Aker BP ASA,Approved for production,6507/2-5 S,14.09.2019,Norwegian sea,PRODUCTION LICENSE,942,,GAS,30676176,42002484,8775,28544099,https://factpages.sodir.no/field/pageview/all/42002484,https://factmaps.sodir.no/map/redirect/fld.ashx?id=42002484,31.01.2025,31.01.2025,09.09.2025
ØST FRIGG,Aker BP ASA,Shut down,25/2-1,21.09.1973,North sea,PRODUCTION LICENSE,873,,GAS,28973585,43576,353,28544099,https://factpages.sodir.no/field/pageview/all/43576,https://factmaps.sodir.no/map/redirect/fld.ashx?id=43576,31.01.2025,31.01.2025,09.09.2025
ÅSGARD,Equinor Energy AS,Producing,6507/11-1,10.12.1981,Norwegian sea,BUSINESS ARRANGEMENT AREA,ÅSGARD UNIT,Kristiansund,GAS/CONDENSATE,40564,43765,68,32011216,https://factpages.sodir.no/field/pageview/all/43765,https://factmaps.sodir.no/map/redirect/fld.ashx?id=43765,31.01.2025,30.08.2025,09.09.2025
AASTA HANSTEEN,Equinor Energy AS,Producing,6707/10-1,23.07.1997,Norwegian sea,PRODUCTION LICENSE,218,Sandnessjøen,GAS,22556,23395946,3075,32011216,https://factpages.sodir.no/field/pageview/all/23395946,https://factmaps.sodir.no/map/redirect/fld.ashx?id=23395946,05.02.2025,31.01.2025,09.09.2025

